-- phpMyAdmin SQL Dump
-- version 4.9.4

SET SQL_MODE = "NO_AUTO_VALUE_ON_ZERO";
SET AUTOCOMMIT = 0;
START TRANSACTION;
SET time_zone = "+00:00";


/*!40101 SET @OLD_CHARACTER_SET_CLIENT=@@CHARACTER_SET_CLIENT */;
/*!40101 SET @OLD_CHARACTER_SET_RESULTS=@@CHARACTER_SET_RESULTS */;
/*!40101 SET @OLD_COLLATION_CONNECTION=@@COLLATION_CONNECTION */;
/*!40101 SET NAMES utf8mb4 */;

--
-- Base de données : ``
--

-- --------------------------------------------------------

--
-- Structure de la table `depenses`
--

CREATE TABLE `depenses` (
  `id_depense` int(10) NOT NULL,
  `montant_depense` decimal(10,2) NOT NULL,
  `type_depense` int(10) NOT NULL,
  `date_depense` date NOT NULL
) ENGINE=InnoDB DEFAULT CHARSET=latin1 COLLATE=latin1_general_ci;

-- --------------------------------------------------------

--
-- Structure de la table `produits`
--

CREATE TABLE `produits` (
  `id_produit` int(4) NOT NULL,
  `nom_produit` varchar(50) NOT NULL,
  `prix_produit` decimal(4,2) NOT NULL,
  `hh_produit` tinyint(1) NOT NULL,
  `actif_produit` tinyint(1) NOT NULL DEFAULT '1',
  `couleur_produit` varchar(20) NOT NULL DEFAULT 'LightBlue',
  `tva_produit` decimal(10,2) NOT NULL DEFAULT '20.00',
  `ordre_produit` int(2) NOT NULL DEFAULT '99'
) ENGINE=InnoDB DEFAULT CHARSET=latin1;

--
-- Déchargement des données de la table `produits`
--

INSERT INTO `produits` (`id_produit`, `nom_produit`, `prix_produit`, `hh_produit`, `actif_produit`, `couleur_produit`, `tva_produit`, `ordre_produit`) VALUES
(9, 'PK HH', '4.00', 1, 1, 'SandyBrown', '20.00', 0),
(10, '33 Kw HH', '4.00', 1, 1, 'SandyBrown', '20.00', 1),
(11, 'Cocktail Happy', '6.00', 0, 1, 'SandyBrown', '20.00', 2),
(12, 'Cocktail +1 HH', '6.50', 1, 0, 'DarkSalmon', '20.00', 0),
(13, 'Cocktail SA HH', '4.50', 1, 1, 'SandyBrown', '10.00', 3),
(14, 'Planteur HH', '4.00', 1, 1, 'SandyBrown', '0.00', 4),
(15, 'Pichet Planteur HH', '16.00', 1, 1, 'SandyBrown', '0.00', 5),
(16, 'PK', '5.00', 0, 1, 'LightBlue', '20.00', 6),
(17, 'demi K', '3.00', 0, 1, 'LightBlue', '20.00', 7),
(18, 'P. Kw', '6.50', 0, 1, 'LightBlue', '20.00', 12),
(19, '33 Kw', '5.00', 0, 1, 'LightBlue', '20.00', 11),
(20, 'P. Picon', '6.00', 0, 1, 'LightBlue', '20.00', 8),
(21, 'demi Picon', '3.50', 0, 1, 'LightBlue', '20.00', 9),
(22, 'Pinte 8e', '8.00', 0, 1, 'LightBlue', '20.00', 20),
(23, 'demi 4,2e', '4.20', 0, 1, 'LightBlue', '20.00', 19),
(24, 'Cocktail', '7.50', 0, 1, 'LightBlue', '20.00', 26),
(25, 'Cocktail +1', '8.50', 0, 1, 'LightBlue', '20.00', 35),
(26, 'Cocktail SA', '5.00', 0, 1, 'LightBlue', '20.00', 34),
(27, 'Planteur', '5.00', 0, 1, 'LightBlue', '0.00', 33),
(28, 'Pichet Planteur', '20.00', 0, 1, 'LightBlue', '0.00', 32),
(29, 'v. 3,5e', '3.50', 0, 1, 'LightBlue', '20.00', 31),
(30, 'v. 4e', '4.00', 0, 1, 'LightBlue', '20.00', 42),
(31, 'v. 4,5e', '4.50', 0, 1, 'LightBlue', '20.00', 36),
(32, 'Ricard', '2.00', 0, 1, 'LightBlue', '20.00', 37),
(33, 'HB', '3.00', 0, 1, 'LightBlue', '20.00', 38),
(34, 'shot', '3.00', 0, 1, 'LightBlue', '20.00', 27),
(35, 'shot 3,5e', '3.50', 0, 1, 'LightBlue', '20.00', 39),
(36, 'HLC', '6.50', 0, 1, 'LightBlue', '20.00', 40),
(37, 'Soft', '3.70', 0, 1, 'LightBlue', '20.00', 41),
(38, 'Sirop', '2.00', 0, 1, 'LightBlue', '20.00', 30),
(39, 'Diabolo', '2.50', 0, 1, 'LightBlue', '20.00', 29),
(40, 'Kfé', '2.00', 0, 1, 'LightBlue', '20.00', 28),
(41, 'Thé', '2.00', 0, 1, 'LightBlue', '20.00', 21),
(42, 'v. 7e', '7.00', 0, 1, 'LightBlue', '20.00', 22),
(43, 'v. 8e', '8.00', 0, 1, 'Tomato', '20.00', 23),
(44, 'v. 9e', '9.00', 0, 1, 'LightBlue', '20.00', 24),
(45, 'v. 10e', '10.00', 0, 1, 'LightBlue', '20.00', 25),
(46, 'Bocaux', '6.00', 0, 1, 'LightYellow', '10.00', 47),
(47, 'Vignes', '3.80', 0, 1, 'LightYellow', '10.00', 46),
(48, 'Saucisson', '6.00', 0, 1, 'LightYellow', '10.00', 45),
(49, 'Piquillos', '4.60', 0, 1, 'LightYellow', '10.00', 44),
(50, 'Assortiment', '24.00', 0, 1, 'LightYellow', '10.00', 43),
(51, 'Clopes', '8.50', 0, 1, 'LightYellow', '0.00', 48),
(55, 'Spritz', '3.50', 0, 0, 'LightBlue', '20.00', 0),
(56, 'Salaire Employé 10h', '3.30', 0, 0, 'SandyBrown', '20.00', 0),
(57, 'coca sans bulle', '12.00', 0, 0, 'LightPink', '20.00', 0),
(58, 'Pinte blanche', '6.00', 0, 1, 'LightBlue', '20.00', 18),
(59, 'Demi blanche', '3.20', 0, 1, 'LightBlue', '20.00', 13),
(60, 'Pinte brewdog', '7.50', 0, 1, 'LightBlue', '20.00', 14),
(61, 'Demi brewdog', '4.00', 0, 1, 'LightBlue', '20.00', 15),
(62, 'Pinte brune', '7.00', 0, 1, 'LightBlue', '20.00', 16),
(63, 'Demi brune', '3.90', 0, 1, 'LightBlue', '20.00', 17),
(64, '1/2 kwak', '3.50', 0, 1, 'LightBlue', '20.00', 10);

-- --------------------------------------------------------

--
-- Structure de la table `typedepense`
--

CREATE TABLE `typedepense` (
  `id_typedepense` int(11) NOT NULL,
  `nom_typedepense` varchar(50) COLLATE latin1_general_ci NOT NULL
) ENGINE=InnoDB DEFAULT CHARSET=latin1 COLLATE=latin1_general_ci;

--
-- Déchargement des données de la table `typedepense`
--

INSERT INTO `typedepense` (`id_typedepense`, `nom_typedepense`) VALUES
(1, 'dépense 1'),
(2, 'dépenses 2'),
(3, 'rémunération'),
(4, 'frais');

-- --------------------------------------------------------

--
-- Structure de la table `ventes`
--

CREATE TABLE `ventes` (
  `id_vente` int(10) NOT NULL,
  `id_produit` int(4) NOT NULL,
  `date_vente` date NOT NULL,
  `qte_vente` int(4) NOT NULL DEFAULT '1',
  `total_vente` decimal(10,2) NOT NULL
) ENGINE=InnoDB DEFAULT CHARSET=utf8;

--
-- Déchargement des données de la table `ventes`
--

INSERT INTO `ventes` (`id_vente`, `id_produit`, `date_vente`, `qte_vente`, `total_vente`) VALUES
(1, 18, '2017-04-07', 7, '45.50'),
(2, 11, '2017-04-07', 27, '162.00'),
(3, 10, '2017-04-07', 11, '44.00'),
(4, 24, '2017-04-07', 12, '90.00'),
(5, 51, '2017-04-07', 2, '17.00'),
(6, 27, '2017-04-07', 8, '40.00'),
(7, 26, '2017-04-07', 6, '30.00'),
(8, 14, '2017-04-07', 8, '32.00'),
(9, 13, '2017-04-07', 1, '4.50'),
(10, 25, '2017-04-07', 1, '8.50'),
(11, 37, '2017-04-07', 2, '7.40'),
(12, 19, '2017-04-07', 4, '20.00'),
(13, 9, '2017-04-07', 26, '104.00'),
(14, 17, '2017-04-07', 7, '21.00'),
(15, 46, '2017-04-07', 15, '90.00'),
(16, 30, '2017-04-07', 18, '72.00'),
(17, 16, '2017-04-07', 4, '20.00'),
(18, 32, '2017-04-07', 3, '6.00'),
(19, 60, '2017-04-07', 1, '7.50'),
(20, 33, '2017-04-07', 1, '3.00'),
(21, 61, '2017-04-07', 1, '4.00'),
(22, 16, '2017-03-25', 21, '105.00'),
(23, 24, '2017-03-25', 39, '292.50'),
(24, 9, '2017-03-25', 43, '172.00'),
(25, 11, '2017-03-25', 56, '336.00'),
(26, 23, '2017-03-25', 1, '4.20'),
(27, 59, '2017-03-25', 5, '16.00'),
(28, 30, '2017-03-25', 7, '28.00'),
(29, 22, '2017-03-25', 31, '248.00'),
(30, 26, '2017-03-25', 1, '5.00'),
(31, 51, '2017-03-25', 3, '25.50'),
(32, 27, '2017-03-25', 31, '155.00'),
(33, 43, '2017-03-25', 1, '8.00'),
(34, 46, '2017-03-25', 20, '120.00'),
(35, 63, '2017-03-25', 2, '7.80'),
(36, 18, '2017-03-25', 1, '6.50'),
(37, 37, '2017-03-25', 3, '11.10'),
(38, 25, '2017-03-25', 4, '34.00'),
(39, 45, '2017-03-25', 2, '20.00'),
(40, 36, '2017-03-25', 1, '6.50'),
(41, 17, '2017-03-25', 5, '15.00'),
(42, 44, '2017-03-25', 7, '63.00'),
(43, 34, '2017-03-25', 9, '27.00'),
(44, 58, '2017-03-25', 4, '24.00'),
(45, 10, '2017-03-25', 1, '4.00'),
(46, 13, '2017-03-25', 1, '4.50'),
(47, 35, '2017-03-25', 1, '3.50'),
(48, 62, '2017-03-25', 4, '28.00'),
(49, 14, '2017-03-25', 2, '8.00'),
(50, 24, '2017-03-24', 48, '360.00'),
(51, 26, '2017-03-24', 1, '5.00'),
(52, 51, '2017-03-24', 4, '34.00'),
(53, 19, '2017-03-24', 13, '65.00'),
(54, 16, '2017-03-24', 14, '70.00'),
(55, 45, '2017-03-24', 4, '40.00'),
(56, 25, '2017-03-24', 3, '25.50'),
(57, 10, '2017-03-24', 18, '72.00'),
(58, 9, '2017-03-24', 15, '60.00'),
(59, 11, '2017-03-24', 35, '210.00'),
(60, 23, '2017-03-24', 11, '46.20'),
(61, 34, '2017-03-24', 3, '9.00'),
(62, 46, '2017-03-24', 10, '60.00'),
(63, 47, '2017-03-24', 3, '11.40'),
(64, 18, '2017-03-24', 7, '45.50'),
(65, 22, '2017-03-24', 9, '72.00'),
(66, 30, '2017-03-24', 10, '40.00'),
(67, 32, '2017-03-24', 2, '4.00'),
(68, 37, '2017-03-24', 2, '7.40'),
(69, 13, '2017-03-24', 4, '18.00'),
(70, 43, '2017-03-24', 1, '8.00'),
(71, 17, '2017-03-24', 3, '9.00'),
(72, 27, '2017-03-24', 1, '5.00'),
(73, 10, '2017-04-05', 6, '24.00'),
(74, 11, '2017-04-05', 48, '288.00'),
(75, 17, '2017-04-05', 9, '27.00'),
(76, 30, '2017-04-05', 24, '96.00'),
(77, 51, '2017-04-05', 8, '68.00'),
(78, 46, '2017-04-05', 8, '48.00'),
(79, 27, '2017-04-05', 12, '60.00'),
(80, 19, '2017-04-05', 3, '15.00'),
(81, 32, '2017-04-05', 10, '20.00'),
(82, 61, '2017-04-05', 2, '8.00'),
(83, 9, '2017-04-05', 21, '84.00'),
(84, 16, '2017-04-05', 22, '110.00'),
(85, 37, '2017-04-05', 3, '11.10'),
(86, 62, '2017-04-05', 2, '14.00'),
(87, 50, '2017-04-05', 1, '24.00'),
(88, 24, '2017-04-05', 14, '105.00'),
(89, 58, '2017-04-05', 3, '18.00'),
(90, 33, '2017-04-05', 4, '12.00'),
(91, 26, '2017-04-05', 4, '20.00'),
(92, 45, '2017-04-05', 1, '10.00'),
(93, 25, '2017-04-05', 1, '8.50'),
(94, 60, '2017-04-05', 3, '22.50'),
(95, 63, '2017-04-05', 1, '3.90'),
(96, 34, '2017-04-05', 10, '30.00'),
(97, 14, '2017-04-05', 1, '4.00'),
(98, 39, '2017-04-05', 1, '2.50'),
(99, 9, '2017-04-01', 11, '44.00'),
(100, 11, '2017-04-01', 57, '342.00'),
(101, 13, '2017-04-01', 9, '40.50'),
(102, 30, '2017-04-01', 10, '40.00'),
(103, 50, '2017-04-01', 2, '48.00'),
(104, 10, '2017-04-01', 5, '20.00'),
(105, 46, '2017-04-01', 12, '72.00'),
(106, 58, '2017-04-01', 8, '48.00'),
(107, 19, '2017-04-01', 1, '5.00'),
(108, 17, '2017-04-01', 7, '21.00'),
(109, 16, '2017-04-01', 3, '15.00'),
(110, 60, '2017-04-01', 2, '15.00'),
(111, 49, '2017-04-01', 1, '4.60'),
(112, 27, '2017-04-01', 3, '15.00'),
(113, 24, '2017-04-01', 22, '165.00'),
(114, 34, '2017-04-01', 3, '9.00'),
(115, 18, '2017-04-01', 2, '13.00'),
(116, 59, '2017-04-01', 1, '3.20'),
(117, 37, '2017-04-01', 5, '18.50'),
(118, 62, '2017-04-01', 1, '7.00'),
(119, 61, '2017-04-01', 1, '4.00'),
(120, 11, '2017-03-29', 19, '114.00'),
(121, 9, '2017-03-29', 8, '32.00'),
(122, 17, '2017-03-29', 4, '12.00'),
(123, 10, '2017-03-29', 11, '44.00'),
(124, 19, '2017-03-29', 6, '30.00'),
(125, 30, '2017-03-29', 2, '8.00'),
(126, 60, '2017-03-29', 14, '105.00'),
(127, 61, '2017-03-29', 6, '24.00'),
(128, 18, '2017-03-29', 4, '26.00'),
(129, 24, '2017-03-29', 4, '30.00'),
(130, 16, '2017-03-29', 4, '20.00'),
(131, 58, '2017-03-29', 5, '30.00'),
(132, 59, '2017-03-29', 5, '16.00'),
(133, 32, '2017-03-29', 1, '2.00'),
(134, 46, '2017-03-29', 4, '24.00'),
(135, 27, '2017-03-29', 4, '20.00'),
(136, 22, '2017-03-29', 1, '8.00'),
(137, 50, '2017-03-29', 1, '24.00'),
(138, 45, '2017-03-29', 1, '10.00'),
(139, 13, '2017-03-29', 1, '4.50'),
(140, 17, '2017-03-30', 9, '27.00'),
(141, 27, '2017-03-30', 1, '5.00'),
(142, 63, '2017-03-30', 9, '35.10'),
(143, 62, '2017-03-30', 9, '63.00'),
(144, 30, '2017-03-30', 7, '28.00'),
(145, 16, '2017-03-30', 10, '50.00'),
(146, 18, '2017-03-30', 5, '32.50'),
(147, 9, '2017-03-30', 33, '132.00'),
(148, 11, '2017-03-30', 33, '198.00'),
(149, 47, '2017-03-30', 2, '7.60'),
(150, 37, '2017-03-30', 2, '7.40'),
(151, 29, '2017-03-30', 2, '7.00'),
(152, 50, '2017-03-30', 1, '24.00'),
(153, 19, '2017-03-30', 1, '5.00'),
(154, 32, '2017-03-30', 2, '4.00'),
(155, 14, '2017-03-30', 1, '4.00'),
(156, 46, '2017-03-30', 6, '36.00'),
(157, 49, '2017-03-30', 1, '4.60'),
(158, 24, '2017-03-30', 6, '45.00'),
(159, 25, '2017-03-30', 2, '17.00'),
(160, 10, '2017-03-30', 3, '12.00'),
(161, 13, '2017-03-30', 2, '9.00'),
(162, 62, '2017-03-31', 4, '28.00'),
(163, 46, '2017-03-31', 5, '30.00'),
(164, 17, '2017-03-31', 11, '33.00'),
(165, 10, '2017-03-31', 5, '20.00'),
(166, 11, '2017-03-31', 29, '174.00'),
(167, 9, '2017-03-31', 29, '116.00'),
(168, 24, '2017-03-31', 22, '165.00'),
(169, 18, '2017-03-31', 9, '58.50'),
(170, 23, '2017-03-31', 20, '84.00'),
(171, 16, '2017-03-31', 38, '190.00'),
(172, 19, '2017-03-31', 6, '30.00'),
(173, 22, '2017-03-31', 4, '32.00'),
(174, 25, '2017-03-31', 23, '195.50'),
(175, 30, '2017-03-31', 8, '32.00'),
(176, 37, '2017-03-31', 2, '7.40'),
(177, 38, '2017-03-31', 2, '4.00'),
(178, 13, '2017-03-31', 1, '4.50'),
(179, 26, '2017-03-31', 1, '5.00'),
(180, 63, '2017-03-31', 1, '3.90'),
(181, 21, '2017-03-31', 3, '10.50'),
(182, 51, '2017-03-31', 2, '17.00'),
(183, 33, '2017-03-31', 4, '12.00'),
(184, 50, '2017-03-31', 1, '24.00'),
(185, 34, '2017-03-31', 4, '12.00'),
(186, 9, '2017-03-26', 10, '40.00'),
(187, 17, '2017-03-26', 4, '12.00'),
(188, 10, '2017-03-26', 8, '32.00'),
(189, 19, '2017-03-26', 2, '10.00'),
(190, 11, '2017-03-26', 13, '78.00'),
(191, 46, '2017-03-26', 7, '42.00'),
(192, 45, '2017-03-26', 4, '40.00'),
(193, 27, '2017-03-26', 3, '15.00'),
(194, 24, '2017-03-26', 2, '15.00'),
(195, 23, '2017-03-26', 2, '8.40'),
(196, 30, '2017-03-26', 1, '4.00'),
(197, 22, '2017-03-26', 1, '8.00'),
(198, 13, '2017-03-26', 1, '4.50'),
(199, 11, '2017-03-28', 16, '96.00'),
(200, 16, '2017-03-28', 2, '10.00'),
(201, 25, '2017-03-28', 1, '8.50'),
(202, 17, '2017-03-28', 2, '6.00'),
(203, 46, '2017-03-28', 9, '54.00'),
(204, 13, '2017-03-28', 3, '13.50'),
(205, 10, '2017-03-28', 4, '16.00'),
(206, 9, '2017-03-28', 2, '8.00'),
(207, 30, '2017-03-28', 3, '12.00'),
(208, 63, '2017-03-28', 2, '7.80'),
(209, 30, '2017-04-02', 18, '72.00'),
(210, 58, '2017-04-02', 2, '12.00'),
(211, 29, '2017-04-02', 2, '7.00'),
(212, 19, '2017-04-02', 1, '5.00'),
(213, 10, '2017-04-02', 6, '24.00'),
(214, 11, '2017-04-02', 26, '156.00'),
(215, 16, '2017-04-02', 1, '5.00'),
(216, 60, '2017-04-02', 1, '7.50'),
(217, 51, '2017-04-02', 3, '25.50'),
(218, 25, '2017-04-02', 10, '85.00'),
(219, 24, '2017-04-02', 2, '15.00'),
(220, 61, '2017-04-02', 17, '68.00'),
(221, 9, '2017-04-02', 22, '88.00'),
(222, 46, '2017-04-02', 4, '24.00'),
(223, 34, '2017-04-02', 3, '9.00'),
(224, 17, '2017-04-02', 5, '15.00'),
(225, 13, '2017-04-02', 1, '4.50'),
(226, 18, '2017-04-02', 1, '6.50'),
(227, 49, '2017-04-02', 2, '9.20'),
(228, 45, '2017-04-02', 4, '40.00'),
(229, 25, '2017-04-04', 2, '17.00'),
(230, 24, '2017-04-04', 7, '52.50'),
(231, 16, '2017-04-04', 2, '10.00'),
(232, 30, '2017-04-04', 2, '8.00'),
(233, 46, '2017-04-04', 6, '36.00'),
(234, 49, '2017-04-04', 2, '9.20'),
(235, 11, '2017-04-04', 23, '138.00'),
(236, 9, '2017-04-04', 14, '56.00'),
(237, 17, '2017-04-04', 17, '51.00'),
(238, 50, '2017-04-04', 1, '24.00'),
(239, 60, '2017-04-04', 4, '30.00'),
(240, 10, '2017-04-04', 14, '56.00'),
(241, 61, '2017-04-04', 4, '16.00'),
(242, 13, '2017-04-04', 2, '9.00'),
(243, 62, '2017-04-04', 1, '7.00'),
(244, 58, '2017-04-04', 1, '6.00'),
(245, 37, '2017-04-04', 2, '7.40'),
(246, 27, '2017-04-04', 3, '15.00'),
(247, 16, '2017-04-06', 26, '130.00'),
(248, 51, '2017-04-06', 4, '34.00'),
(249, 10, '2017-04-06', 14, '56.00'),
(250, 60, '2017-04-06', 12, '90.00'),
(251, 62, '2017-04-06', 8, '56.00'),
(252, 24, '2017-04-06', 44, '330.00'),
(253, 63, '2017-04-06', 6, '23.40'),
(254, 17, '2017-04-06', 10, '30.00'),
(255, 30, '2017-04-06', 19, '76.00'),
(256, 9, '2017-04-06', 43, '172.00'),
(257, 58, '2017-04-06', 6, '36.00'),
(258, 46, '2017-04-06', 20, '120.00'),
(259, 11, '2017-04-06', 45, '270.00'),
(260, 25, '2017-04-06', 6, '51.00'),
(261, 18, '2017-04-06', 4, '26.00'),
(262, 34, '2017-04-06', 3, '9.00'),
(263, 13, '2017-04-06', 3, '13.50'),
(264, 19, '2017-04-06', 1, '5.00'),
(265, 21, '2017-04-06', 1, '3.50'),
(266, 33, '2017-04-06', 6, '18.00'),
(267, 61, '2017-04-06', 1, '4.00'),
(268, 26, '2017-04-06', 5, '25.00'),
(269, 43, '2017-04-06', 2, '16.00'),
(270, 47, '2017-04-06', 1, '3.80'),
(271, 32, '2017-04-06', 6, '12.00'),
(272, 27, '2017-04-06', 2, '10.00'),
(273, 14, '2017-04-06', 1, '4.00'),
(274, 30, '2017-04-13', 10, '40.00'),
(275, 58, '2017-04-13', 9, '54.00'),
(276, 62, '2017-04-13', 5, '35.00'),
(277, 24, '2017-04-13', 40, '300.00'),
(278, 37, '2017-04-13', 1, '3.70'),
(279, 60, '2017-04-13', 16, '120.00'),
(280, 46, '2017-04-13', 16, '96.00'),
(281, 16, '2017-04-13', 14, '70.00'),
(282, 27, '2017-04-13', 3, '15.00'),
(283, 11, '2017-04-13', 50, '300.00'),
(284, 14, '2017-04-13', 3, '12.00'),
(285, 9, '2017-04-13', 36, '144.00'),
(286, 51, '2017-04-13', 2, '17.00'),
(287, 34, '2017-04-13', 1, '3.00'),
(288, 17, '2017-04-13', 16, '48.00'),
(289, 47, '2017-04-13', 1, '3.80'),
(290, 61, '2017-04-13', 2, '8.00'),
(291, 63, '2017-04-13', 7, '27.30'),
(292, 59, '2017-04-13', 3, '9.60'),
(293, 21, '2017-04-13', 2, '7.00'),
(294, 44, '2017-04-13', 5, '45.00'),
(295, 18, '2017-04-13', 5, '32.50'),
(296, 10, '2017-04-13', 2, '8.00'),
(297, 31, '2017-04-13', 2, '9.00'),
(298, 49, '2017-04-13', 1, '4.60'),
(299, 11, '2017-04-14', 43, '258.00'),
(300, 45, '2017-04-14', 1, '10.00'),
(301, 37, '2017-04-14', 1, '3.70'),
(302, 60, '2017-04-14', 4, '30.00'),
(303, 24, '2017-04-14', 8, '60.00'),
(304, 16, '2017-04-14', 4, '20.00'),
(305, 17, '2017-04-14', 9, '27.00'),
(306, 25, '2017-04-14', 1, '8.50'),
(307, 30, '2017-04-14', 5, '20.00'),
(308, 18, '2017-04-14', 3, '19.50'),
(309, 21, '2017-04-14', 3, '10.50'),
(310, 9, '2017-04-14', 18, '72.00'),
(311, 10, '2017-04-14', 6, '24.00'),
(312, 46, '2017-04-14', 5, '30.00'),
(313, 19, '2017-04-14', 2, '10.00'),
(314, 62, '2017-04-14', 1, '7.00'),
(315, 61, '2017-04-14', 2, '8.00'),
(316, 13, '2017-04-14', 2, '9.00'),
(317, 10, '2017-04-11', 3, '12.00'),
(318, 19, '2017-04-11', 1, '5.00'),
(319, 47, '2017-04-11', 3, '11.40'),
(320, 9, '2017-04-11', 30, '120.00'),
(321, 14, '2017-04-11', 3, '12.00'),
(322, 11, '2017-04-11', 33, '198.00'),
(323, 16, '2017-04-11', 3, '15.00'),
(324, 60, '2017-04-11', 4, '30.00'),
(325, 17, '2017-04-11', 15, '45.00'),
(326, 61, '2017-04-11', 7, '28.00'),
(327, 51, '2017-04-11', 2, '17.00'),
(328, 34, '2017-04-11', 2, '6.00'),
(329, 63, '2017-04-11', 5, '19.50'),
(330, 30, '2017-04-11', 5, '20.00'),
(331, 46, '2017-04-11', 6, '36.00'),
(332, 35, '2017-04-11', 2, '7.00'),
(333, 27, '2017-04-11', 1, '5.00'),
(334, 58, '2017-04-11', 1, '6.00'),
(335, 59, '2017-04-11', 11, '35.20'),
(336, 37, '2017-04-11', 1, '3.70'),
(337, 13, '2017-04-11', 3, '13.50'),
(338, 62, '2017-04-11', 2, '14.00'),
(339, 29, '2017-04-11', 2, '7.00'),
(340, 64, '2017-04-12', 4, '14.00'),
(341, 51, '2017-04-12', 2, '17.00'),
(342, 18, '2017-04-12', 5, '32.50'),
(343, 59, '2017-04-12', 7, '22.40'),
(344, 27, '2017-04-12', 3, '15.00'),
(345, 11, '2017-04-12', 55, '330.00'),
(346, 46, '2017-04-12', 12, '72.00'),
(347, 30, '2017-04-12', 15, '60.00'),
(348, 24, '2017-04-12', 10, '75.00'),
(349, 58, '2017-04-12', 6, '36.00'),
(350, 60, '2017-04-12', 2, '15.00'),
(351, 62, '2017-04-12', 3, '21.00'),
(352, 61, '2017-04-12', 3, '12.00'),
(353, 13, '2017-04-12', 4, '18.00'),
(354, 10, '2017-04-12', 8, '32.00'),
(355, 37, '2017-04-12', 2, '7.40'),
(356, 26, '2017-04-12', 1, '5.00'),
(357, 19, '2017-04-12', 1, '5.00'),
(358, 16, '2017-04-12', 1, '5.00'),
(359, 14, '2017-04-12', 7, '28.00'),
(360, 17, '2017-04-12', 3, '9.00'),
(361, 9, '2017-04-12', 18, '72.00'),
(362, 20, '2017-04-12', 1, '6.00'),
(363, 45, '2017-04-12', 3, '30.00'),
(364, 33, '2017-04-12', 2, '6.00'),
(365, 49, '2017-04-12', 1, '4.60'),
(366, 11, '2017-04-15', 37, '222.00'),
(367, 24, '2017-04-15', 22, '165.00'),
(368, 16, '2017-04-15', 8, '40.00'),
(369, 21, '2017-04-15', 2, '7.00'),
(370, 26, '2017-04-15', 1, '5.00'),
(371, 37, '2017-04-15', 3, '11.10'),
(372, 47, '2017-04-15', 3, '11.40'),
(373, 30, '2017-04-15', 7, '28.00'),
(374, 32, '2017-04-15', 2, '4.00'),
(375, 9, '2017-04-15', 14, '56.00'),
(376, 38, '2017-04-15', 2, '4.00'),
(377, 46, '2017-04-15', 7, '42.00'),
(378, 17, '2017-04-15', 5, '15.00'),
(379, 51, '2017-04-15', 1, '8.50'),
(380, 27, '2017-04-15', 4, '20.00'),
(381, 62, '2017-04-15', 1, '7.00'),
(382, 58, '2017-04-15', 8, '48.00'),
(383, 13, '2017-04-15', 1, '4.50'),
(384, 59, '2017-04-15', 1, '3.20'),
(385, 14, '2017-04-15', 1, '4.00'),
(386, 9, '2017-04-19', 15, '60.00'),
(387, 32, '2017-04-19', 2, '4.00'),
(388, 30, '2017-04-19', 17, '68.00'),
(389, 45, '2017-04-19', 1, '10.00'),
(390, 25, '2017-04-19', 2, '17.00'),
(391, 24, '2017-04-19', 4, '30.00'),
(392, 16, '2017-04-19', 16, '80.00'),
(393, 27, '2017-04-19', 7, '35.00'),
(394, 59, '2017-04-19', 2, '6.40'),
(395, 46, '2017-04-19', 13, '78.00'),
(396, 11, '2017-04-19', 14, '84.00'),
(397, 47, '2017-04-19', 1, '3.80'),
(398, 58, '2017-04-19', 6, '36.00'),
(399, 63, '2017-04-19', 2, '7.80'),
(400, 34, '2017-04-19', 4, '12.00'),
(401, 13, '2017-04-19', 2, '9.00'),
(402, 61, '2017-04-19', 4, '16.00'),
(403, 14, '2017-04-19', 2, '8.00'),
(404, 17, '2017-04-19', 9, '27.00'),
(405, 60, '2017-04-19', 2, '15.00'),
(406, 38, '2017-04-19', 3, '6.00'),
(407, 62, '2017-04-19', 1, '7.00'),
(408, 58, '2017-04-20', 12, '72.00'),
(409, 62, '2017-04-20', 17, '119.00'),
(410, 16, '2017-04-20', 7, '35.00'),
(411, 17, '2017-04-20', 15, '45.00'),
(412, 30, '2017-04-20', 35, '140.00'),
(413, 46, '2017-04-20', 7, '42.00'),
(414, 9, '2017-04-20', 34, '136.00'),
(415, 38, '2017-04-20', 3, '6.00'),
(416, 51, '2017-04-20', 6, '51.00'),
(417, 61, '2017-04-20', 22, '88.00'),
(418, 37, '2017-04-20', 4, '14.80'),
(419, 24, '2017-04-20', 3, '22.50'),
(420, 26, '2017-04-20', 1, '5.00'),
(421, 13, '2017-04-20', 8, '36.00'),
(422, 60, '2017-04-20', 8, '60.00'),
(423, 11, '2017-04-20', 48, '288.00'),
(424, 48, '2017-04-20', 1, '6.00'),
(425, 32, '2017-04-20', 4, '8.00'),
(426, 59, '2017-04-20', 1, '3.20'),
(427, 63, '2017-04-20', 2, '7.80'),
(428, 34, '2017-04-20', 3, '9.00'),
(429, 24, '2017-04-08', 25, '187.50'),
(430, 46, '2017-04-08', 10, '60.00'),
(431, 34, '2017-04-08', 4, '12.00'),
(432, 60, '2017-04-08', 8, '60.00'),
(433, 59, '2017-04-08', 6, '19.20'),
(434, 25, '2017-04-08', 4, '34.00'),
(435, 37, '2017-04-08', 6, '22.20'),
(436, 58, '2017-04-08', 11, '66.00'),
(437, 9, '2017-04-08', 8, '32.00'),
(438, 17, '2017-04-08', 8, '24.00'),
(439, 30, '2017-04-08', 28, '112.00'),
(440, 18, '2017-04-08', 7, '45.50'),
(441, 10, '2017-04-08', 5, '20.00'),
(442, 11, '2017-04-08', 50, '300.00'),
(443, 14, '2017-04-08', 4, '16.00'),
(444, 16, '2017-04-08', 7, '35.00'),
(445, 27, '2017-04-08', 10, '50.00'),
(446, 36, '2017-04-08', 1, '6.50'),
(447, 19, '2017-04-08', 2, '10.00'),
(448, 38, '2017-04-08', 1, '2.00'),
(449, 13, '2017-04-08', 6, '27.00'),
(450, 29, '2017-04-08', 8, '28.00'),
(451, 39, '2017-04-08', 1, '2.50'),
(452, 61, '2017-04-08', 4, '16.00'),
(453, 51, '2017-04-08', 1, '8.50'),
(454, 17, '2017-04-09', 18, '54.00'),
(455, 11, '2017-04-09', 49, '294.00'),
(456, 16, '2017-04-09', 6, '30.00'),
(457, 20, '2017-04-09', 1, '6.00'),
(458, 24, '2017-04-09', 11, '82.50'),
(459, 46, '2017-04-09', 18, '108.00'),
(460, 60, '2017-04-09', 7, '52.50'),
(461, 9, '2017-04-09', 17, '68.00'),
(462, 47, '2017-04-09', 2, '7.60'),
(463, 61, '2017-04-09', 3, '12.00'),
(464, 58, '2017-04-09', 5, '30.00'),
(465, 10, '2017-04-09', 5, '20.00'),
(466, 19, '2017-04-09', 2, '10.00'),
(467, 30, '2017-04-09', 2, '8.00'),
(468, 37, '2017-04-09', 4, '14.80'),
(469, 25, '2017-04-09', 1, '8.50'),
(470, 59, '2017-04-09', 2, '6.40'),
(471, 39, '2017-04-09', 1, '2.50'),
(472, 17, '2017-07-06', 18, '54.00'),
(473, 11, '2017-07-06', 49, '294.00'),
(474, 16, '2017-07-06', 6, '30.00'),
(475, 20, '2017-07-06', 1, '6.00'),
(476, 24, '2017-07-06', 11, '82.50'),
(477, 46, '2017-07-06', 18, '108.00'),
(478, 60, '2017-07-06', 7, '52.50'),
(479, 9, '2017-07-06', 17, '68.00'),
(480, 47, '2017-07-06', 2, '7.60'),
(481, 61, '2017-07-06', 3, '12.00'),
(482, 58, '2017-07-06', 5, '30.00'),
(483, 10, '2017-07-06', 5, '20.00'),
(484, 19, '2017-07-06', 2, '10.00'),
(485, 30, '2017-07-06', 2, '8.00'),
(486, 37, '2017-07-06', 4, '14.80'),
(487, 25, '2017-07-06', 1, '8.50'),
(488, 59, '2017-07-06', 2, '6.40'),
(489, 39, '2017-07-06', 1, '2.50'),
(490, 9, '2017-06-04', 16, '64.00'),
(491, 46, '2017-06-04', 12, '72.00'),
(492, 16, '2017-06-04', 16, '80.00'),
(493, 17, '2017-06-04', 14, '42.00'),
(494, 51, '2017-06-04', 7, '59.50'),
(495, 58, '2017-06-04', 5, '30.00'),
(496, 62, '2017-06-04', 1, '7.00'),
(497, 24, '2017-06-04', 16, '120.00'),
(498, 22, '2017-06-04', 6, '48.00'),
(499, 29, '2017-06-04', 6, '21.00'),
(500, 31, '2017-06-04', 14, '63.00'),
(501, 30, '2017-06-04', 13, '52.00'),
(502, 60, '2017-06-04', 1, '7.50'),
(503, 11, '2017-06-04', 26, '156.00'),
(504, 26, '2017-06-04', 5, '25.00'),
(505, 42, '2017-06-04', 3, '21.00'),
(506, 25, '2017-06-04', 2, '17.00'),
(507, 27, '2017-06-04', 1, '5.00'),
(508, 63, '2017-06-04', 4, '15.60'),
(509, 59, '2017-06-04', 1, '3.20'),
(510, 14, '2017-06-04', 1, '4.00'),
(511, 13, '2017-06-04', 3, '13.50'),
(512, 37, '2017-06-04', 5, '18.50'),
(513, 39, '2017-06-04', 1, '2.50'),
(514, 21, '2017-06-04', 1, '3.50'),
(515, 60, '2017-06-11', 8, '60.00'),
(516, 29, '2017-06-11', 12, '42.00'),
(517, 16, '2017-06-11', 10, '50.00'),
(518, 32, '2017-06-11', 11, '22.00'),
(519, 46, '2017-06-11', 6, '36.00'),
(520, 11, '2017-06-11', 20, '120.00'),
(521, 45, '2017-06-11', 1, '10.00'),
(522, 9, '2017-06-11', 13, '52.00'),
(523, 24, '2017-06-11', 11, '82.50'),
(524, 63, '2017-06-11', 14, '54.60'),
(525, 34, '2017-06-11', 7, '21.00'),
(526, 25, '2017-06-11', 7, '59.50'),
(527, 51, '2017-06-11', 3, '25.50'),
(528, 17, '2017-06-11', 1, '3.00'),
(529, 30, '2017-06-11', 13, '52.00'),
(530, 42, '2017-06-11', 7, '49.00'),
(531, 37, '2017-06-11', 7, '25.90'),
(532, 59, '2017-06-11', 3, '9.60'),
(533, 13, '2017-06-11', 5, '22.50'),
(534, 18, '2017-06-11', 2, '13.00'),
(535, 39, '2017-06-11', 5, '12.50'),
(536, 47, '2017-06-11', 1, '3.80'),
(537, 9, '2017-07-04', 27, '108.00'),
(538, 11, '2017-07-04', 52, '312.00'),
(539, 32, '2017-07-04', 16, '32.00'),
(540, 30, '2017-07-04', 9, '36.00'),
(541, 24, '2017-07-04', 11, '82.50'),
(542, 60, '2017-07-04', 4, '30.00'),
(543, 51, '2017-07-04', 3, '25.50'),
(544, 46, '2017-07-04', 16, '96.00'),
(545, 14, '2017-07-04', 2, '8.00'),
(546, 16, '2017-07-04', 2, '10.00'),
(547, 17, '2017-07-04', 11, '33.00'),
(548, 29, '2017-07-04', 6, '21.00'),
(549, 37, '2017-07-04', 5, '18.50'),
(550, 58, '2017-07-04', 6, '36.00'),
(551, 59, '2017-07-04', 4, '12.80'),
(552, 63, '2017-07-04', 5, '19.50'),
(553, 49, '2017-07-04', 1, '4.60'),
(554, 44, '2017-07-04', 1, '9.00'),
(555, 18, '2017-07-04', 2, '13.00'),
(556, 34, '2017-07-04', 2, '6.00'),
(557, 9, '2017-07-25', 27, '108.00'),
(558, 11, '2017-07-25', 52, '312.00'),
(559, 32, '2017-07-25', 16, '32.00'),
(560, 30, '2017-07-25', 9, '36.00'),
(561, 24, '2017-07-25', 11, '82.50'),
(562, 60, '2017-07-25', 4, '30.00'),
(563, 51, '2017-07-25', 3, '25.50'),
(564, 46, '2017-07-25', 16, '96.00'),
(565, 14, '2017-07-25', 2, '8.00'),
(566, 16, '2017-07-25', 2, '10.00'),
(567, 17, '2017-07-25', 11, '33.00'),
(568, 29, '2017-07-25', 6, '21.00'),
(569, 37, '2017-07-25', 5, '18.50'),
(570, 58, '2017-07-25', 6, '36.00'),
(571, 59, '2017-07-25', 4, '12.80'),
(572, 63, '2017-07-25', 5, '19.50'),
(573, 49, '2017-07-25', 1, '4.60'),
(574, 44, '2017-07-25', 1, '9.00'),
(575, 18, '2017-07-25', 2, '13.00'),
(576, 34, '2017-07-25', 2, '6.00'),
(577, 9, '2017-07-03', 18, '72.00'),
(578, 11, '2017-07-03', 38, '228.00'),
(579, 32, '2017-07-03', 9, '18.00'),
(580, 18, '2017-07-03', 5, '32.50'),
(581, 63, '2017-07-03', 7, '27.30'),
(582, 37, '2017-07-03', 4, '14.80'),
(583, 24, '2017-07-03', 21, '157.50'),
(584, 59, '2017-07-03', 4, '12.80'),
(585, 51, '2017-07-03', 1, '8.50'),
(586, 16, '2017-07-03', 2, '10.00'),
(587, 17, '2017-07-03', 11, '33.00'),
(588, 46, '2017-07-03', 10, '60.00'),
(589, 48, '2017-07-03', 2, '12.00'),
(590, 30, '2017-07-03', 22, '88.00'),
(591, 60, '2017-07-03', 18, '135.00'),
(592, 27, '2017-07-03', 3, '15.00'),
(593, 13, '2017-07-03', 4, '18.00'),
(594, 50, '2017-07-03', 1, '24.00'),
(595, 58, '2017-07-03', 5, '30.00'),
(596, 61, '2017-07-03', 2, '8.00'),
(597, 29, '2017-07-03', 2, '7.00'),
(598, 14, '2017-07-03', 1, '4.00'),
(599, 25, '2017-07-03', 1, '8.50'),
(600, 38, '2017-07-03', 1, '2.00'),
(601, 9, '2017-07-26', 18, '72.00'),
(602, 11, '2017-07-26', 38, '228.00'),
(603, 32, '2017-07-26', 9, '18.00'),
(604, 18, '2017-07-26', 5, '32.50'),
(605, 63, '2017-07-26', 7, '27.30'),
(606, 37, '2017-07-26', 4, '14.80'),
(607, 24, '2017-07-26', 21, '157.50'),
(608, 59, '2017-07-26', 4, '12.80'),
(609, 51, '2017-07-26', 1, '8.50'),
(610, 16, '2017-07-26', 2, '10.00'),
(611, 17, '2017-07-26', 11, '33.00'),
(612, 46, '2017-07-26', 10, '60.00'),
(613, 48, '2017-07-26', 2, '12.00'),
(614, 30, '2017-07-26', 22, '88.00'),
(615, 60, '2017-07-26', 18, '135.00'),
(616, 27, '2017-07-26', 3, '15.00'),
(617, 13, '2017-07-26', 4, '18.00'),
(618, 50, '2017-07-26', 1, '24.00'),
(619, 58, '2017-07-26', 5, '30.00'),
(620, 61, '2017-07-26', 2, '8.00'),
(621, 29, '2017-07-26', 2, '7.00'),
(622, 14, '2017-07-26', 1, '4.00'),
(623, 25, '2017-07-26', 1, '8.50'),
(624, 38, '2017-07-26', 1, '2.00'),
(625, 51, '2017-07-27', 1, '8.50'),
(626, 37, '2017-07-27', 1, '3.70'),
(627, 60, '2017-07-27', 17, '127.50'),
(628, 63, '2017-07-27', 12, '46.80'),
(629, 17, '2017-07-27', 14, '42.00'),
(630, 32, '2017-07-27', 4, '8.00'),
(631, 11, '2017-07-27', 54, '324.00'),
(632, 9, '2017-07-27', 51, '204.00'),
(633, 18, '2017-07-27', 14, '91.00'),
(634, 50, '2017-07-27', 2, '48.00'),
(635, 48, '2017-07-27', 3, '18.00'),
(636, 46, '2017-07-27', 17, '102.00'),
(637, 27, '2017-07-27', 3, '15.00'),
(638, 25, '2017-07-27', 2, '17.00'),
(639, 39, '2017-07-27', 2, '5.00'),
(640, 13, '2017-07-27', 4, '18.00'),
(641, 16, '2017-07-27', 5, '25.00'),
(642, 24, '2017-07-27', 2, '15.00'),
(643, 29, '2017-07-27', 4, '14.00'),
(644, 30, '2017-07-27', 15, '60.00'),
(645, 38, '2017-07-27', 2, '4.00'),
(646, 17, '2017-07-24', 13, '39.00'),
(647, 27, '2017-07-24', 4, '20.00'),
(648, 16, '2017-07-24', 7, '35.00'),
(649, 60, '2017-07-24', 6, '45.00'),
(650, 24, '2017-07-24', 12, '90.00'),
(651, 35, '2017-07-24', 2, '7.00'),
(652, 11, '2017-07-24', 59, '354.00'),
(653, 21, '2017-07-24', 1, '3.50'),
(654, 46, '2017-07-24', 12, '72.00'),
(655, 51, '2017-07-24', 2, '17.00'),
(656, 9, '2017-07-24', 8, '32.00'),
(657, 13, '2017-07-24', 1, '4.50'),
(658, 30, '2017-07-24', 8, '32.00'),
(659, 18, '2017-07-24', 4, '26.00'),
(660, 34, '2017-07-24', 4, '12.00'),
(661, 14, '2017-07-24', 2, '8.00'),
(662, 59, '2017-07-24', 1, '3.20'),
(663, 63, '2017-07-24', 3, '11.70'),
(664, 37, '2017-07-24', 1, '3.70'),
(665, 58, '2017-07-24', 10, '60.00'),
(666, 47, '2017-07-24', 1, '3.80'),
(667, 59, '2017-07-23', 1, '3.20'),
(668, 30, '2017-07-23', 5, '20.00'),
(669, 51, '2017-07-23', 3, '25.50'),
(670, 24, '2017-07-23', 11, '82.50'),
(671, 63, '2017-07-23', 2, '7.80'),
(672, 58, '2017-07-23', 4, '24.00'),
(673, 60, '2017-07-23', 6, '45.00'),
(674, 16, '2017-07-23', 4, '20.00'),
(675, 46, '2017-07-23', 6, '36.00'),
(676, 11, '2017-07-23', 32, '192.00'),
(677, 13, '2017-07-23', 4, '18.00'),
(678, 50, '2017-07-23', 1, '24.00'),
(679, 17, '2017-07-23', 2, '6.00'),
(680, 47, '2017-07-23', 1, '3.80'),
(681, 49, '2017-07-23', 1, '4.60'),
(682, 14, '2017-07-23', 1, '4.00'),
(683, 26, '2017-07-23', 1, '5.00'),
(684, 9, '2017-07-23', 4, '16.00'),
(685, 9, '2017-07-22', 6, '24.00'),
(686, 11, '2017-07-22', 22, '132.00'),
(687, 30, '2017-07-22', 21, '84.00'),
(688, 29, '2017-07-22', 2, '7.00'),
(689, 60, '2017-07-22', 13, '97.50'),
(690, 24, '2017-07-22', 40, '300.00'),
(691, 63, '2017-07-22', 2, '7.80'),
(692, 27, '2017-07-22', 19, '95.00'),
(693, 16, '2017-07-22', 3, '15.00'),
(694, 58, '2017-07-22', 1, '6.00'),
(695, 32, '2017-07-22', 4, '8.00'),
(696, 34, '2017-07-22', 4, '12.00'),
(697, 26, '2017-07-22', 3, '15.00'),
(698, 59, '2017-07-22', 1, '3.20'),
(699, 46, '2017-07-22', 9, '54.00'),
(700, 51, '2017-07-22', 1, '8.50'),
(701, 25, '2017-07-22', 8, '68.00'),
(702, 13, '2017-07-22', 3, '13.50'),
(703, 17, '2017-07-22', 2, '6.00'),
(704, 9, '2017-07-21', 53, '212.00'),
(705, 11, '2017-07-21', 85, '510.00'),
(706, 18, '2017-07-21', 7, '45.50'),
(707, 60, '2017-07-21', 9, '67.50'),
(708, 51, '2017-07-21', 6, '51.00'),
(709, 13, '2017-07-21', 7, '31.50'),
(710, 17, '2017-07-21', 14, '42.00'),
(711, 46, '2017-07-21', 10, '60.00'),
(712, 24, '2017-07-21', 53, '397.50'),
(713, 29, '2017-07-21', 1, '3.50'),
(714, 43, '2017-07-21', 1, '8.00'),
(715, 16, '2017-07-21', 36, '180.00'),
(716, 37, '2017-07-21', 6, '22.20'),
(717, 26, '2017-07-21', 1, '5.00'),
(718, 58, '2017-07-21', 2, '12.00'),
(719, 27, '2017-07-21', 2, '10.00'),
(720, 32, '2017-07-21', 15, '30.00'),
(721, 50, '2017-07-21', 1, '24.00'),
(722, 59, '2017-07-21', 6, '19.20'),
(723, 30, '2017-07-21', 3, '12.00'),
(724, 48, '2017-07-21', 1, '6.00'),
(725, 63, '2017-07-21', 2, '7.80'),
(726, 38, '2017-07-21', 1, '2.00'),
(727, 11, '2017-07-20', 71, '426.00'),
(728, 63, '2017-07-20', 11, '42.90'),
(729, 59, '2017-07-20', 6, '19.20'),
(730, 13, '2017-07-20', 6, '27.00'),
(731, 46, '2017-07-20', 7, '42.00'),
(732, 51, '2017-07-20', 1, '8.50'),
(733, 37, '2017-07-20', 8, '29.60'),
(734, 30, '2017-07-20', 22, '88.00'),
(735, 29, '2017-07-20', 6, '21.00'),
(736, 45, '2017-07-20', 4, '40.00'),
(737, 24, '2017-07-20', 18, '135.00'),
(738, 60, '2017-07-20', 22, '165.00'),
(739, 16, '2017-07-20', 2, '10.00'),
(740, 17, '2017-07-20', 5, '15.00'),
(741, 48, '2017-07-20', 5, '30.00'),
(742, 9, '2017-07-20', 24, '96.00'),
(743, 14, '2017-07-20', 3, '12.00'),
(744, 32, '2017-07-20', 4, '8.00'),
(745, 27, '2017-07-20', 2, '10.00'),
(746, 58, '2017-07-20', 5, '30.00'),
(747, 38, '2017-07-20', 2, '4.00'),
(748, 26, '2017-07-20', 1, '5.00'),
(749, 18, '2017-07-20', 2, '13.00'),
(750, 50, '2017-07-20', 1, '24.00'),
(751, 24, '2017-07-19', 46, '345.00'),
(752, 63, '2017-07-19', 4, '15.60'),
(753, 17, '2017-07-19', 25, '75.00'),
(754, 60, '2017-07-19', 20, '150.00'),
(755, 48, '2017-07-19', 3, '18.00'),
(756, 46, '2017-07-19', 16, '96.00'),
(757, 16, '2017-07-19', 9, '45.00'),
(758, 58, '2017-07-19', 1, '6.00'),
(759, 9, '2017-07-19', 19, '76.00'),
(760, 13, '2017-07-19', 3, '13.50'),
(761, 14, '2017-07-19', 8, '32.00'),
(762, 28, '2017-07-19', 1, '20.00'),
(763, 27, '2017-07-19', 5, '25.00'),
(764, 29, '2017-07-19', 3, '10.50'),
(765, 11, '2017-07-19', 42, '252.00'),
(766, 51, '2017-07-19', 2, '17.00'),
(767, 30, '2017-07-19', 8, '32.00'),
(768, 38, '2017-07-19', 1, '2.00'),
(769, 32, '2017-07-19', 1, '2.00'),
(770, 20, '2017-07-19', 1, '6.00'),
(771, 37, '2017-07-19', 2, '7.40'),
(772, 35, '2017-07-19', 2, '7.00'),
(773, 62, '2017-07-19', 2, '14.00'),
(774, 16, '2017-07-17', 5, '25.00'),
(775, 63, '2017-07-17', 1, '3.90'),
(776, 11, '2017-07-17', 33, '198.00'),
(777, 46, '2017-07-17', 8, '48.00'),
(778, 60, '2017-07-17', 5, '37.50'),
(779, 30, '2017-07-17', 33, '132.00'),
(780, 37, '2017-07-17', 6, '22.20'),
(781, 45, '2017-07-17', 1, '10.00'),
(782, 62, '2017-07-17', 2, '14.00'),
(783, 24, '2017-07-17', 2, '15.00'),
(784, 9, '2017-07-17', 18, '72.00'),
(785, 50, '2017-07-17', 1, '24.00'),
(786, 18, '2017-07-17', 2, '13.00'),
(787, 17, '2017-07-17', 9, '27.00'),
(788, 49, '2017-07-17', 4, '18.40'),
(789, 27, '2017-07-17', 2, '10.00'),
(790, 25, '2017-07-17', 2, '17.00'),
(791, 32, '2017-07-17', 2, '4.00'),
(792, 47, '2017-07-17', 2, '7.60'),
(793, 13, '2017-07-17', 2, '9.00'),
(794, 39, '2017-07-17', 1, '2.50'),
(795, 11, '2017-07-18', 48, '288.00'),
(796, 51, '2017-07-18', 2, '17.00'),
(797, 16, '2017-07-18', 2, '10.00'),
(798, 9, '2017-07-18', 28, '112.00'),
(799, 30, '2017-07-18', 1, '4.00'),
(800, 46, '2017-07-18', 10, '60.00'),
(801, 17, '2017-07-18', 7, '21.00'),
(802, 47, '2017-07-18', 1, '3.80'),
(803, 18, '2017-07-18', 3, '19.50'),
(804, 13, '2017-07-18', 4, '18.00'),
(805, 63, '2017-07-18', 1, '3.90'),
(806, 37, '2017-07-18', 3, '11.10'),
(807, 38, '2017-07-18', 1, '2.00'),
(808, 32, '2017-07-18', 4, '8.00'),
(809, 60, '2017-07-18', 2, '15.00'),
(810, 58, '2017-07-18', 1, '6.00'),
(811, 29, '2017-07-18', 7, '24.50'),
(812, 14, '2017-07-18', 2, '8.00'),
(813, 24, '2017-07-18', 7, '52.50'),
(814, 16, '2017-07-16', 6, '30.00'),
(815, 17, '2017-07-16', 17, '51.00'),
(816, 24, '2017-07-16', 20, '150.00'),
(817, 9, '2017-07-16', 19, '76.00'),
(818, 37, '2017-07-16', 9, '33.30'),
(819, 60, '2017-07-16', 9, '67.50'),
(820, 46, '2017-07-16', 2, '12.00'),
(821, 11, '2017-07-16', 17, '102.00'),
(822, 30, '2017-07-16', 4, '16.00'),
(823, 25, '2017-07-16', 6, '51.00'),
(824, 63, '2017-07-16', 11, '42.90'),
(825, 51, '2017-07-16', 2, '17.00'),
(826, 44, '2017-07-16', 13, '117.00'),
(827, 29, '2017-07-16', 2, '7.00'),
(828, 50, '2017-07-16', 1, '24.00'),
(829, 13, '2017-07-16', 4, '18.00'),
(830, 18, '2017-07-16', 5, '32.50'),
(831, 32, '2017-07-16', 4, '8.00'),
(832, 14, '2017-07-16', 1, '4.00'),
(833, 39, '2017-07-16', 2, '5.00'),
(834, 37, '2017-07-15', 1, '3.70'),
(835, 30, '2017-07-15', 5, '20.00'),
(836, 60, '2017-07-15', 16, '120.00'),
(837, 16, '2017-07-15', 9, '45.00'),
(838, 17, '2017-07-15', 12, '36.00'),
(839, 63, '2017-07-15', 4, '15.60'),
(840, 24, '2017-07-15', 23, '172.50'),
(841, 9, '2017-07-15', 22, '88.00'),
(842, 46, '2017-07-15', 8, '48.00'),
(843, 32, '2017-07-15', 2, '4.00'),
(844, 26, '2017-07-15', 5, '25.00'),
(845, 33, '2017-07-15', 2, '6.00'),
(846, 58, '2017-07-15', 3, '18.00'),
(847, 11, '2017-07-15', 18, '108.00'),
(848, 34, '2017-07-15', 1, '3.00'),
(849, 38, '2017-07-15', 2, '4.00'),
(850, 59, '2017-07-15', 1, '3.20'),
(851, 51, '2017-07-15', 1, '8.50'),
(852, 13, '2017-07-15', 6, '27.00'),
(853, 18, '2017-07-15', 3, '19.50'),
(854, 11, '2017-07-14', 34, '204.00'),
(855, 24, '2017-07-14', 45, '337.50'),
(856, 51, '2017-07-14', 3, '25.50'),
(857, 46, '2017-07-14', 9, '54.00'),
(858, 16, '2017-07-14', 6, '30.00'),
(859, 14, '2017-07-14', 2, '8.00'),
(860, 27, '2017-07-14', 4, '20.00'),
(861, 47, '2017-07-14', 1, '3.80'),
(862, 60, '2017-07-14', 5, '37.50'),
(863, 34, '2017-07-14', 32, '96.00'),
(864, 37, '2017-07-14', 6, '22.20'),
(865, 26, '2017-07-14', 1, '5.00'),
(866, 32, '2017-07-14', 7, '14.00'),
(867, 13, '2017-07-14', 4, '18.00'),
(868, 17, '2017-07-14', 8, '24.00'),
(869, 38, '2017-07-14', 1, '2.00'),
(870, 63, '2017-07-14', 8, '31.20'),
(871, 9, '2017-07-14', 7, '28.00'),
(872, 59, '2017-07-14', 2, '6.40'),
(873, 30, '2017-07-14', 3, '12.00'),
(874, 29, '2017-07-14', 1, '3.50'),
(875, 18, '2017-07-14', 3, '19.50'),
(876, 25, '2017-07-14', 2, '17.00'),
(877, 58, '2017-07-14', 1, '6.00'),
(878, 11, '2017-07-13', 64, '384.00'),
(879, 9, '2017-07-13', 24, '96.00'),
(880, 17, '2017-07-13', 11, '33.00'),
(881, 14, '2017-07-13', 5, '20.00'),
(882, 60, '2017-07-13', 29, '217.50'),
(883, 58, '2017-07-13', 5, '30.00'),
(884, 32, '2017-07-13', 3, '6.00'),
(885, 51, '2017-07-13', 3, '25.50'),
(886, 46, '2017-07-13', 17, '102.00'),
(887, 34, '2017-07-13', 12, '36.00'),
(888, 16, '2017-07-13', 41, '205.00'),
(889, 24, '2017-07-13', 48, '360.00'),
(890, 27, '2017-07-13', 3, '15.00'),
(891, 25, '2017-07-13', 4, '34.00'),
(892, 63, '2017-07-13', 12, '46.80'),
(893, 26, '2017-07-13', 1, '5.00'),
(894, 37, '2017-07-13', 7, '25.90'),
(895, 30, '2017-07-13', 4, '16.00'),
(896, 29, '2017-07-13', 8, '28.00'),
(897, 18, '2017-07-13', 7, '45.50'),
(898, 45, '2017-07-13', 7, '70.00'),
(899, 13, '2017-07-13', 5, '22.50'),
(900, 44, '2017-07-13', 1, '9.00'),
(901, 39, '2017-07-13', 1, '2.50'),
(902, 24, '2017-07-12', 11, '82.50'),
(903, 59, '2017-07-12', 3, '9.60'),
(904, 17, '2017-07-12', 6, '18.00'),
(905, 11, '2017-07-12', 16, '96.00'),
(906, 18, '2017-07-12', 9, '58.50'),
(907, 60, '2017-07-12', 11, '82.50'),
(908, 37, '2017-07-12', 2, '7.40'),
(909, 30, '2017-07-12', 2, '8.00'),
(910, 16, '2017-07-12', 8, '40.00'),
(911, 21, '2017-07-12', 1, '3.50'),
(912, 63, '2017-07-12', 4, '15.60'),
(913, 38, '2017-07-12', 2, '4.00'),
(914, 9, '2017-07-12', 26, '104.00'),
(915, 58, '2017-07-12', 7, '42.00'),
(916, 25, '2017-07-12', 1, '8.50'),
(917, 46, '2017-07-12', 8, '48.00'),
(918, 29, '2017-07-12', 4, '14.00'),
(919, 39, '2017-07-12', 1, '2.50'),
(920, 14, '2017-07-12', 4, '16.00'),
(921, 51, '2017-07-12', 3, '25.50'),
(922, 36, '2017-07-12', 2, '13.00'),
(923, 11, '2017-07-11', 58, '348.00'),
(924, 9, '2017-07-11', 53, '212.00'),
(925, 17, '2017-07-11', 14, '42.00'),
(926, 16, '2017-07-11', 6, '30.00'),
(927, 24, '2017-07-11', 18, '135.00'),
(928, 34, '2017-07-11', 10, '30.00'),
(929, 37, '2017-07-11', 4, '14.80'),
(930, 32, '2017-07-11', 8, '16.00'),
(931, 51, '2017-07-11', 6, '51.00'),
(932, 27, '2017-07-11', 8, '40.00'),
(933, 60, '2017-07-11', 9, '67.50'),
(934, 63, '2017-07-11', 12, '46.80'),
(935, 18, '2017-07-11', 8, '52.00'),
(936, 13, '2017-07-11', 1, '4.50'),
(937, 61, '2017-07-11', 1, '4.00'),
(938, 46, '2017-07-11', 15, '90.00'),
(939, 14, '2017-07-11', 2, '8.00'),
(940, 58, '2017-07-11', 2, '12.00'),
(941, 48, '2017-07-11', 2, '12.00'),
(942, 30, '2017-07-11', 8, '32.00'),
(943, 38, '2017-07-11', 2, '4.00'),
(944, 39, '2017-07-11', 1, '2.50'),
(945, 59, '2017-07-11', 3, '9.60'),
(946, 25, '2017-07-11', 1, '8.50'),
(947, 59, '2017-07-09', 3, '9.60'),
(948, 9, '2017-07-09', 13, '52.00'),
(949, 11, '2017-07-09', 3, '18.00'),
(950, 16, '2017-07-09', 1, '5.00'),
(951, 17, '2017-07-09', 4, '12.00'),
(952, 46, '2017-07-09', 6, '36.00'),
(953, 30, '2017-07-09', 1, '4.00'),
(954, 13, '2017-07-09', 3, '13.50'),
(955, 29, '2017-07-09', 1, '3.50'),
(956, 37, '2017-07-09', 4, '14.80'),
(957, 63, '2017-07-09', 1, '3.90'),
(958, 60, '2017-07-09', 2, '15.00'),
(959, 39, '2017-07-09', 1, '2.50'),
(960, 38, '2017-07-09', 1, '2.00'),
(961, 30, '2017-07-08', 9, '36.00'),
(962, 24, '2017-07-08', 24, '180.00'),
(963, 60, '2017-07-08', 14, '105.00'),
(964, 17, '2017-07-08', 11, '33.00'),
(965, 9, '2017-07-08', 3, '12.00'),
(966, 11, '2017-07-08', 37, '222.00'),
(967, 50, '2017-07-08', 1, '24.00'),
(968, 29, '2017-07-08', 4, '14.00'),
(969, 16, '2017-07-08', 3, '15.00'),
(970, 58, '2017-07-08', 2, '12.00'),
(971, 26, '2017-07-08', 2, '10.00'),
(972, 37, '2017-07-08', 5, '18.50'),
(973, 13, '2017-07-08', 5, '22.50'),
(974, 59, '2017-07-08', 7, '22.40'),
(975, 63, '2017-07-08', 5, '19.50'),
(976, 48, '2017-07-08', 2, '12.00'),
(977, 25, '2017-07-08', 2, '17.00'),
(978, 47, '2017-07-08', 2, '7.60'),
(979, 46, '2017-07-08', 5, '30.00'),
(980, 32, '2017-07-08', 2, '4.00'),
(981, 39, '2017-07-08', 2, '5.00'),
(982, 18, '2017-07-08', 8, '52.00'),
(983, 45, '2017-07-08', 1, '10.00'),
(984, 30, '2017-07-28', 9, '36.00'),
(985, 24, '2017-07-28', 31, '232.50'),
(986, 60, '2017-07-28', 14, '105.00'),
(987, 17, '2017-07-28', 16, '48.00'),
(988, 9, '2017-07-28', 13, '52.00'),
(989, 11, '2017-07-28', 38, '228.00'),
(990, 50, '2017-07-28', 1, '24.00'),
(991, 29, '2017-07-28', 4, '14.00'),
(992, 16, '2017-07-28', 10, '50.00'),
(993, 58, '2017-07-28', 6, '36.00'),
(994, 26, '2017-07-28', 2, '10.00'),
(995, 37, '2017-07-28', 10, '37.00'),
(996, 13, '2017-07-28', 8, '36.00'),
(997, 59, '2017-07-28', 9, '28.80'),
(998, 63, '2017-07-28', 5, '19.50'),
(999, 48, '2017-07-28', 2, '12.00'),
(1000, 25, '2017-07-28', 2, '17.00'),
(1001, 47, '2017-07-28', 3, '11.40'),
(1002, 46, '2017-07-28', 8, '48.00'),
(1003, 32, '2017-07-28', 2, '4.00'),
(1004, 39, '2017-07-28', 5, '12.50'),
(1005, 18, '2017-07-28', 9, '58.50'),
(1006, 45, '2017-07-28', 1, '10.00'),
(1007, 38, '2017-07-28', 2, '4.00'),
(1008, 51, '2017-07-28', 3, '25.50'),
(1009, 22, '2017-07-28', 2, '16.00'),
(1010, 60, '2017-06-10', 6, '45.00'),
(1011, 9, '2017-06-10', 10, '40.00'),
(1012, 13, '2017-06-10', 2, '9.00'),
(1013, 25, '2017-06-10', 4, '34.00'),
(1014, 63, '2017-06-10', 13, '50.70'),
(1015, 59, '2017-06-10', 4, '12.80'),
(1016, 11, '2017-06-10', 26, '156.00'),
(1017, 37, '2017-06-10', 3, '11.10'),
(1018, 39, '2017-06-10', 2, '5.00'),
(1019, 32, '2017-06-10', 11, '22.00'),
(1020, 30, '2017-06-10', 15, '60.00'),
(1021, 29, '2017-06-10', 10, '35.00'),
(1022, 16, '2017-06-10', 5, '25.00'),
(1023, 22, '2017-06-10', 5, '40.00'),
(1024, 18, '2017-06-10', 1, '6.50'),
(1025, 46, '2017-06-10', 5, '30.00'),
(1026, 24, '2017-06-10', 14, '105.00'),
(1027, 51, '2017-06-10', 3, '25.50'),
(1028, 58, '2017-06-10', 3, '18.00'),
(1029, 34, '2017-06-10', 7, '21.00'),
(1030, 31, '2017-06-10', 1, '4.50'),
(1031, 45, '2017-06-10', 1, '10.00'),
(1032, 37, '2017-06-03', 5, '18.50'),
(1033, 30, '2017-06-03', 14, '56.00'),
(1034, 9, '2017-06-03', 12, '48.00'),
(1035, 17, '2017-06-03', 10, '30.00'),
(1036, 21, '2017-06-03', 1, '3.50'),
(1037, 59, '2017-06-03', 2, '6.40'),
(1038, 23, '2017-06-03', 15, '63.00'),
(1039, 13, '2017-06-03', 2, '9.00'),
(1040, 11, '2017-06-03', 31, '186.00'),
(1041, 51, '2017-06-03', 5, '42.50'),
(1042, 39, '2017-06-03', 1, '2.50'),
(1043, 14, '2017-06-03', 1, '4.00'),
(1044, 46, '2017-06-03', 11, '66.00'),
(1045, 24, '2017-06-03', 17, '127.50'),
(1046, 22, '2017-06-03', 7, '56.00'),
(1047, 61, '2017-06-03', 1, '4.00'),
(1048, 27, '2017-06-03', 1, '5.00'),
(1049, 16, '2017-06-03', 12, '60.00'),
(1050, 26, '2017-06-03', 5, '25.00'),
(1051, 58, '2017-06-03', 5, '30.00'),
(1052, 29, '2017-06-03', 6, '21.00'),
(1053, 60, '2017-06-03', 1, '7.50'),
(1054, 62, '2017-06-03', 1, '7.00'),
(1055, 25, '2017-06-03', 2, '17.00'),
(1056, 63, '2017-06-03', 1, '3.90'),
(1057, 18, '2017-06-28', 9, '58.50'),
(1058, 9, '2017-06-28', 21, '84.00'),
(1059, 14, '2017-06-28', 10, '40.00'),
(1060, 17, '2017-06-28', 17, '51.00'),
(1061, 11, '2017-06-28', 43, '258.00'),
(1062, 51, '2017-06-28', 7, '59.50'),
(1063, 48, '2017-06-28', 8, '48.00'),
(1064, 60, '2017-06-28', 18, '135.00'),
(1065, 29, '2017-06-28', 5, '17.50'),
(1066, 16, '2017-06-28', 24, '120.00'),
(1067, 24, '2017-06-28', 49, '367.50'),
(1068, 34, '2017-06-28', 2, '6.00'),
(1069, 30, '2017-06-28', 15, '60.00'),
(1070, 63, '2017-06-28', 7, '27.30'),
(1071, 37, '2017-06-28', 3, '11.10'),
(1072, 61, '2017-06-28', 13, '52.00'),
(1073, 27, '2017-06-28', 12, '60.00'),
(1074, 46, '2017-06-28', 13, '78.00'),
(1075, 59, '2017-06-28', 5, '16.00'),
(1076, 62, '2017-06-28', 2, '14.00'),
(1077, 26, '2017-06-28', 1, '5.00'),
(1078, 49, '2017-06-28', 1, '4.60'),
(1079, 58, '2017-06-28', 1, '6.00'),
(1080, 13, '2017-06-28', 1, '4.50'),
(1081, 47, '2017-06-28', 1, '3.80'),
(1082, 22, '2017-06-28', 5, '40.00'),
(1083, 25, '2017-06-28', 4, '34.00');

--
-- Index pour les tables déchargées
--

--
-- Index pour la table `depenses`
--
ALTER TABLE `depenses`
  ADD PRIMARY KEY (`id_depense`),
  ADD KEY `type_depense` (`type_depense`);

--
-- Index pour la table `produits`
--
ALTER TABLE `produits`
  ADD PRIMARY KEY (`id_produit`);

--
-- Index pour la table `typedepense`
--
ALTER TABLE `typedepense`
  ADD PRIMARY KEY (`id_typedepense`);

--
-- Index pour la table `ventes`
--
ALTER TABLE `ventes`
  ADD PRIMARY KEY (`id_vente`),
  ADD KEY `id_produit` (`id_produit`),
  ADD KEY `id_produit_2` (`id_produit`);

--
-- AUTO_INCREMENT pour les tables déchargées
--

--
-- AUTO_INCREMENT pour la table `depenses`
--
ALTER TABLE `depenses`
  MODIFY `id_depense` int(10) NOT NULL AUTO_INCREMENT;

--
-- AUTO_INCREMENT pour la table `produits`
--
ALTER TABLE `produits`
  MODIFY `id_produit` int(4) NOT NULL AUTO_INCREMENT, AUTO_INCREMENT=65;

--
-- AUTO_INCREMENT pour la table `typedepense`
--
ALTER TABLE `typedepense`
  MODIFY `id_typedepense` int(11) NOT NULL AUTO_INCREMENT, AUTO_INCREMENT=5;

--
-- AUTO_INCREMENT pour la table `ventes`
--
ALTER TABLE `ventes`
  MODIFY `id_vente` int(10) NOT NULL AUTO_INCREMENT, AUTO_INCREMENT=1084;

--
-- Contraintes pour les tables déchargées
--

--
-- Contraintes pour la table `depenses`
--
ALTER TABLE `depenses`
  ADD CONSTRAINT `fk_depense_typedepense` FOREIGN KEY (`type_depense`) REFERENCES `typedepense` (`id_typedepense`);

--
-- Contraintes pour la table `ventes`
--
ALTER TABLE `ventes`
  ADD CONSTRAINT `fk_ventes_produits` FOREIGN KEY (`id_produit`) REFERENCES `produits` (`id_produit`);
COMMIT;

/*!40101 SET CHARACTER_SET_CLIENT=@OLD_CHARACTER_SET_CLIENT */;
/*!40101 SET CHARACTER_SET_RESULTS=@OLD_CHARACTER_SET_RESULTS */;
/*!40101 SET COLLATION_CONNECTION=@OLD_COLLATION_CONNECTION */;